{"cameraMode":{"drawMode":0,"name":"Shaded","section":"Shading Mode"},"sceneLighting":true,"audioPlay":false,"sceneViewState":{"showFog":true,"showMaterialUpdate":false,"showSkybox":true,"showFlares":true,"showImageEffects":true,"showParticleSystems":true},"in2DMode":false,"pivot":{"x":580.13037109375,"y":254.97610473632813,"z":501.0841064453125},"rotation":{"x":-0.034801583737134936,"y":0.008092036470770836,"z":-0.0002821032830979675,"w":-0.9993626475334168},"size":1200.9842529296875,"orthographic":false}