{"cameraMode":{"drawMode":0,"name":"Shaded","section":"Shading Mode"},"sceneLighting":true,"audioPlay":false,"sceneViewState":{"showFog":true,"showMaterialUpdate":false,"showSkybox":true,"showFlares":true,"showImageEffects":true,"showParticleSystems":true},"in2DMode":false,"pivot":{"x":-57.1827507019043,"y":295.9298095703125,"z":493.59765625},"rotation":{"x":-0.034801583737134936,"y":0.008092036470770836,"z":-0.0002821032830979675,"w":-0.9993626475334168},"size":1304.6884765625,"orthographic":false}