{"cameraMode":{"drawMode":0,"name":"Shaded","section":"Shading Mode"},"sceneLighting":true,"audioPlay":false,"sceneViewState":{"showFog":true,"showMaterialUpdate":false,"showSkybox":true,"showFlares":true,"showImageEffects":true,"showParticleSystems":true},"in2DMode":false,"pivot":{"x":564.168701171875,"y":165.74180603027345,"z":442.06414794921877},"rotation":{"x":-0.08121738582849503,"y":-0.008375123143196106,"z":0.0006821786519140005,"w":-0.9966623783111572},"size":1176.5408935546875,"orthographic":false}