{"cameraMode":{"drawMode":0,"name":"Shaded","section":"Shading Mode"},"sceneLighting":true,"audioPlay":false,"sceneViewState":{"showFog":true,"showMaterialUpdate":false,"showSkybox":true,"showFlares":true,"showImageEffects":true,"showParticleSystems":true},"in2DMode":false,"pivot":{"x":817.5427856445313,"y":363.4223327636719,"z":86.34613037109375},"rotation":{"x":0.0003096644941251725,"y":-0.0030042435973882677,"z":0.0000347072200383991,"w":1.0000147819519044},"size":267.5168151855469,"orthographic":false}