{"cameraMode":{"drawMode":0,"name":"Shaded","section":"Shading Mode"},"sceneLighting":true,"audioPlay":false,"sceneViewState":{"showFog":true,"showMaterialUpdate":false,"showSkybox":true,"showFlares":true,"showImageEffects":true,"showParticleSystems":true},"in2DMode":false,"pivot":{"x":640.7613525390625,"y":295.487548828125,"z":-241.08355712890626},"rotation":{"x":0.02427833527326584,"y":0.050960738211870196,"z":-0.0011952605564147235,"w":0.9984279870986939},"size":935.1701049804688,"orthographic":false}